Vida;;;;;
Obra;;;;;
Tradução;;;;;
Comentários;;;;;
Iconografia;;;;;
Música;;;;;
Recepção criativa;;;;;
Recepção;;;;;
Bibliografia crítica;;;;;
Celebrações;;;;;
Bibliografias e catálogos;;;;;
Figuras Femininas;;;;;
Vida;Biografia;;;;
Vida;Ficção;;;;
Vida;Ficção;Narrativa;;;
Vida;Ficção;Poesia;;;
Vida;Ficção;Drama;;;
Vida;Ficção;Banda desenhada;;;
Vida;Documentação;;;;
Vida;Paratextos;;;;
Obra;Impressos;;;;
Obra;Impressos;Obras (avulsas);;;
Obra;Impressos;Obras (avulsas);Épica;;
Obra;Impressos;Obras (avulsas);Lírica;;
Obra;Impressos;Obras (avulsas);Lírica;Canção;
Obra;Impressos;Obras (avulsas);Lírica;Cantiga;
Obra;Impressos;Obras (avulsas);Lírica;Écloga;
Obra;Impressos;Obras (avulsas);Lírica;Elegia;
Obra;Impressos;Obras (avulsas);Lírica;Endechas;
Obra;Impressos;Obras (avulsas);Lírica;Esparsas;
Obra;Impressos;Obras (avulsas);Lírica;Mote;
Obra;Impressos;Obras (avulsas);Lírica;Ode;
Obra;Impressos;Obras (avulsas);Lírica;Oitavas;
Obra;Impressos;Obras (avulsas);Lírica;Sextina;
Obra;Impressos;Obras (avulsas);Lírica;Soneto;
Obra;Impressos;Obras (avulsas);Lírica;Redondilhas;
Obra;Impressos;Obras (avulsas);Lírica;Vilancete;
Obra;Impressos;Obras (avulsas);Lírica;Fábula de Narciso;
Obra;Impressos;Obras (avulsas);Lírica;Criação e Composição do Homem;
Obra;Impressos;Obras (avulsas);Lírica;Martírio de Santa Úrsula;
Obra;Impressos;Obras (avulsas);Teatro;;
Obra;Impressos;Obras (avulsas);Teatro;Título das peças;
Obra;Impressos;Obras (avulsas);Cartas;;
Obra;Impressos;Obras (avulsas);Outros;;
Obra;Impressos;Obras (conjunto);;;
Obra;Impressos;Obras (conjunto);Épica;;
Obra;Impressos;Obras (conjunto);Lírica;;
Obra;Impressos;Obras (conjunto);Lírica;Canção;
Obra;Impressos;Obras (conjunto);Lírica;Cantiga;
Obra;Impressos;Obras (conjunto);Lírica;Écloga;
Obra;Impressos;Obras (conjunto);Lírica;Elegia;
Obra;Impressos;Obras (conjunto);Lírica;Endechas;
Obra;Impressos;Obras (conjunto);Lírica;Esparsas;
Obra;Impressos;Obras (conjunto);Lírica;Mote;
Obra;Impressos;Obras (conjunto);Lírica;Ode;
Obra;Impressos;Obras (conjunto);Lírica;Oitavas;
Obra;Impressos;Obras (conjunto);Lírica;Sextina;
Obra;Impressos;Obras (conjunto);Lírica;Soneto;
Obra;Impressos;Obras (conjunto);Lírica;Redondilhas;
Obra;Impressos;Obras (conjunto);Lírica;Vilancete;
Obra;Impressos;Obras (conjunto);Teatro;;
Obra;Impressos;Obras (conjunto);Teatro;Título das peças;
Obra;Impressos;Obras (conjunto);;Cartas;;
Obra;Impressos;Composições soltas e fragmentos;;;
Obra;Impressos;Composições soltas e fragmentos;Épica;;
Obra;Impressos;Composições soltas e fragmentos;Épica;Estrofes;
Obra;Impressos;Composições soltas e fragmentos;Épica;Episódio;
Obra;Impressos;Composições soltas e fragmentos;Lírica;;
Obra;Impressos;Composições soltas e fragmentos;Lírica;Canção;
Obra;Impressos;Composições soltas e fragmentos;Lírica;Cantiga;
Obra;Impressos;Composições soltas e fragmentos;Lírica;Écloga;
Obra;Impressos;Composições soltas e fragmentos;Lírica;Elegia;
Obra;Impressos;Composições soltas e fragmentos;Lírica;Endechas;
Obra;Impressos;Composições soltas e fragmentos;Lírica;Esparsas;
Obra;Impressos;Composições soltas e fragmentos;Lírica;Mote;
Obra;Impressos;Composições soltas e fragmentos;Lírica;Ode;
Obra;Impressos;Composições soltas e fragmentos;Lírica;Oitavas;
Obra;Impressos;Composições soltas e fragmentos;Lírica;Sextina;
Obra;Impressos;Composições soltas e fragmentos;Lírica;Soneto;
Obra;Impressos;Composições soltas e fragmentos;Lírica;Redondilhas;
Obra;Impressos;Composições soltas e fragmentos;Lírica;Vilancete;
Obra;Impressos;Composições soltas e fragmentos;Teatro;;
Obra;Impressos;Composições soltas e fragmentos;Teatro;Título das peças;
Obra;Impressos;Composições soltas e fragmentos;Cartas;;
Obra;Impressos;Composições soltas e fragmentos;Outros;;
Obra;Impressos;Estrofes rejeitadas d’Os Lusíadas;;;
Obra;Impressos;Antologias;;;
Obra;Impressos;Antologias;Épica;;
Obra;Impressos;Antologias;Épica;Estrofes;
Obra;Impressos;Antologias;Épica;Cantos;
Obra;Impressos;Antologias;Lírica;;
Obra;Impressos;Antologias;Teatro;;
Obra;Impressos;Antologias;Teatro;Título das peças;
Obra;Impressos;Antologias;Cartas;;
Obra;Impressos;Antologias;Outros;;
Obra;Impressos;Recolha epigráfica;;;
Obra;Impressos;Adaptações d’Os Lusíadas;;;
Obra;Impressos;Adaptações d’Os Lusíadas;Paráfrase;;
Obra;Impressos;Adaptações d’Os Lusíadas;Epítome;;
Obra;Impressos;Adaptações d’Os Lusíadas;Banda desenhada;;
Obra;Impressos;Paratextos;;;
Obra;Impressos;Paratextos;Obras (avulsas);;
Obra;Impressos;Paratextos;Obras (avulsas);Épica;
Obra;Impressos;Paratextos;Obras (avulsas);Épica;Vida
Obra;Impressos;Paratextos;Obras (avulsas);Épica;Argumentos
Obra;Impressos;Paratextos;Obras (avulsas);Épica;Notas
Obra;Impressos;Paratextos;Obras (avulsas);Lírica;
Obra;Impressos;Paratextos;Obras (avulsas);Lírica;Vida
Obra;Impressos;Paratextos;Obras (avulsas);Lírica;Argumentos
Obra;Impressos;Paratextos;Obras (avulsas);Lírica;Notas
Obra;Impressos;Paratextos;Obras (avulsas);Teatro;
Obra;Impressos;Paratextos;Obras (avulsas);Teatro;Vida
Obra;Impressos;Paratextos;Obras (avulsas);Teatro;Argumentos
Obra;Impressos;Paratextos;Obras (avulsas);Teatro;Notas
Obra;Impressos;Paratextos;Obras (avulsas);Cartas;
Obra;Impressos;Paratextos;Obras (avulsas);Cartas;Vida
Obra;Impressos;Paratextos;Obras (avulsas);Cartas;Argumentos
Obra;Impressos;Paratextos;Obras (avulsas);Cartas;Notas
Obra;Impressos;Paratextos;Obras (avulsas);Outros;
Obra;Impressos;Paratextos;Obras;;
Obra;Impressos;Paratextos;Obras;Épica;
Obra;Impressos;Paratextos;Obras;Épica;Vida
Obra;Impressos;Paratextos;Obras;Épica;Argumentos
Obra;Impressos;Paratextos;Obras;Épica;Notas
Obra;Impressos;Paratextos;Obras;Lírica;
Obra;Impressos;Paratextos;Obras;Lírica;Vida
Obra;Impressos;Paratextos;Obras;Lírica;Argumentos
Obra;Impressos;Paratextos;Obras;Lírica;Notas
Obra;Impressos;Paratextos;Obras;Teatro;
Obra;Impressos;Paratextos;Obras;Teatro;Vida
Obra;Impressos;Paratextos;Obras;Teatro;Argumentos
Obra;Impressos;Paratextos;Obras;Teatro;Notas
Obra;Impressos;Paratextos;Obras;Cartas;
Obra;Impressos;Paratextos;Obras;Cartas;Vida
Obra;Impressos;Paratextos;Obras;Cartas;Argumentos
Obra;Impressos;Paratextos;Obras;Cartas;Notas
Obra;Impressos;Paratextos;Obras;Outros;
Obra;Manuscritos;;;;
Obra;Manuscritos;Cancioneiros e miscelâneas;;;
Obra;Manuscritos;Cancioneiros e miscelâneas;Lírica;;
Obra;Manuscritos;Cancioneiros e miscelâneas;Teatro;;
Obra;Manuscritos;Cancioneiros e miscelâneas;Cartas;;
Obra;Manuscritos;Cancioneiros e miscelâneas;Outros;;
Obra;Manuscritos;Textos avulsos e fragmentos;;;
Obra;Manuscritos;Textos avulsos e fragmentos;Épica;;
Obra;Manuscritos;Textos avulsos e fragmentos;Lírica;;
Obra;Manuscritos;Textos avulsos e fragmentos;Cartas;;
Obra;Manuscritos;Textos avulsos e fragmentos;Outros;;
Tradução;Impressos;;;;
Tradução;Impressos;Obras individuais;;;
Tradução;Impressos;Obras individuais;Épica;;
Tradução;Impressos;Obras individuais;Épica;Paratextos gerais;
Tradução;Impressos;Obras individuais;Épica;Paratextos vida;
Tradução;Impressos;Obras individuais;Épica;Paratextos argumentos;
Tradução;Impressos;Obras individuais;Épica;Paratextos notas;
Tradução;Impressos;Obras individuais;Lírica;;
Tradução;Impressos;Obras individuais;Lírica;Paratextos gerais;
Tradução;Impressos;Obras individuais;Lírica;Paratextos vida;
Tradução;Impressos;Obras individuais;Lírica;Paratextos argumentos;
Tradução;Impressos;Obras individuais;Lírica;Paratextos notas;
Tradução;Impressos;Obras individuais;Teatro;;
Tradução;Impressos;Obras individuais;Teatro;Paratextos gerais;
Tradução;Impressos;Obras individuais;Teatro;Paratextos vida;
Tradução;Impressos;Obras individuais;Teatro;Paratextos argumentos;
Tradução;Impressos;Obras individuais;Teatro;Paratextos notas;
Tradução;Impressos;Obras individuais;Cartas;;
Tradução;Impressos;Obras individuais;Cartas;Paratextos gerais;
Tradução;Impressos;Obras individuais;Cartas;Paratextos vida;
Tradução;Impressos;Obras individuais;Cartas;Paratextos argumentos;
Tradução;Impressos;Obras individuais;Cartas;Paratextos notas;
Tradução;Impressos;Obras individuais;Outros;;
Tradução;Impressos;Obras individuais;Outros;Paratextos gerais;
Tradução;Impressos;Obras individuais;Outros;Paratextos vida;
Tradução;Impressos;Obras individuais;Outros;Paratextos argumentos;
Tradução;Impressos;Obras individuais;Outros;Paratextos notas;
Tradução;Impressos;Obras (conjunto);;;
Tradução;Impressos;Obras (conjunto);Épica;;
Tradução;Impressos;Obras (conjunto);Épica;Paratextos gerais;
Tradução;Impressos;Obras (conjunto);Épica;Paratextos vida;
Tradução;Impressos;Obras (conjunto);Épica;Paratextos argumentos;
Tradução;Impressos;Obras (conjunto);Épica;Paratextos notas;
Tradução;Impressos;Obras (conjunto);Lírica;;
Tradução;Impressos;Obras (conjunto);Lírica;Paratextos gerais;
Tradução;Impressos;Obras (conjunto);Lírica;Paratextos vida;
Tradução;Impressos;Obras (conjunto);Lírica;Paratextos argumentos;
Tradução;Impressos;Obras (conjunto);Lírica;Paratextos notas;
Tradução;Impressos;Obras (conjunto);Teatro;;
Tradução;Impressos;Obras (conjunto);Teatro;Paratextos gerais;
Tradução;Impressos;Obras (conjunto);Teatro;Paratextos vida;
Tradução;Impressos;Obras (conjunto);Teatro;Paratextos argumentos;
Tradução;Impressos;Obras (conjunto);Teatro;Paratextos notas;
Tradução;Impressos;Obras (conjunto);Cartas;;
Tradução;Impressos;Obras (conjunto);Cartas;Paratextos gerais;
Tradução;Impressos;Obras (conjunto);Cartas;Paratextos vida;
Tradução;Impressos;Obras (conjunto);Cartas;Paratextos argumentos;
Tradução;Impressos;Obras (conjunto);Cartas;Paratextos notas;
Tradução;Impressos;Obras (conjunto);Outros;;
Tradução;Impressos;Obras (conjunto);Outros;Paratextos gerais;
Tradução;Impressos;Obras (conjunto);Outros;Paratextos vida;
Tradução;Impressos;Obras (conjunto);Outros;Paratextos argumentos;
Tradução;Impressos;Obras (conjunto);Outros;Paratextos notas;
Tradução;Impressos;Antologia;;;
Tradução;Impressos;Antologia;Épica;;
Tradução;Impressos;Antologia;Épica;Paratextos gerais;
Tradução;Impressos;Antologia;Épica;Paratextos vida;
Tradução;Impressos;Antologia;Épica;Paratextos argumentos;
Tradução;Impressos;Antologia;Épica;Paratextos notas;
Tradução;Impressos;Antologia;Lírica;;
Tradução;Impressos;Antologia;Lírica;Paratextos gerais;
Tradução;Impressos;Antologia;Lírica;Paratextos vida;
Tradução;Impressos;Antologia;Lírica;Paratextos argumentos;
Tradução;Impressos;Antologia;Lírica;Paratextos notas;
Tradução;Impressos;Antologia;Teatro;;
Tradução;Impressos;Antologia;Teatro;Paratextos gerais;
Tradução;Impressos;Antologia;Teatro;Paratextos vida;
Tradução;Impressos;Antologia;Teatro;Paratextos argumentos;
Tradução;Impressos;Antologia;Teatro;Paratextos notas;
Tradução;Impressos;Antologia;Cartas;;
Tradução;Impressos;Antologia;Cartas;Paratextos gerais;
Tradução;Impressos;Antologia;Cartas;Paratextos vida;
Tradução;Impressos;Antologia;Cartas;Paratextos argumentos;
Tradução;Impressos;Antologia;Cartas;Paratextos notas;
Tradução;Impressos;Antologia;Outros;;
Tradução;Impressos;Antologia;Outros;Paratextos gerais;
Tradução;Impressos;Antologia;Outros;Paratextos vida;
Tradução;Impressos;Antologia;Outros;Paratextos argumentos;
Tradução;Impressos;Antologia;Outros;Paratextos notas;
Tradução;Impressos;Composições soltas e fragmentos;;;
Tradução;Impressos;Composições soltas e fragmentos;Épica;;
Tradução;Impressos;Composições soltas e fragmentos;Épica;Paratextos gerais;
Tradução;Impressos;Composições soltas e fragmentos;Épica;Paratextos vida;
Tradução;Impressos;Composições soltas e fragmentos;Épica;Paratextos argumentos;
Tradução;Impressos;Composições soltas e fragmentos;Épica;Paratextos notas;
Tradução;Impressos;Composições soltas e fragmentos;Lírica;;
Tradução;Impressos;Composições soltas e fragmentos;Lírica;Paratextos gerais;
Tradução;Impressos;Composições soltas e fragmentos;Lírica;Paratextos vida;
Tradução;Impressos;Composições soltas e fragmentos;Lírica;Paratextos argumentos;
Tradução;Impressos;Composições soltas e fragmentos;Lírica;Paratextos notas;
Tradução;Impressos;Composições soltas e fragmentos;Teatro;;
Tradução;Impressos;Composições soltas e fragmentos;Teatro;Paratextos gerais;
Tradução;Impressos;Composições soltas e fragmentos;Teatro;Paratextos vida;
Tradução;Impressos;Composições soltas e fragmentos;Teatro;Paratextos argumentos;
Tradução;Impressos;Composições soltas e fragmentos;Teatro;Paratextos notas;
Tradução;Impressos;Composições soltas e fragmentos;Cartas;;
Tradução;Impressos;Composições soltas e fragmentos;Cartas;Paratextos gerais;
Tradução;Impressos;Composições soltas e fragmentos;Cartas;Paratextos vida;
Tradução;Impressos;Composições soltas e fragmentos;Cartas;Paratextos argumentos;
Tradução;Impressos;Composições soltas e fragmentos;Cartas;Paratextos notas;
Tradução;Impressos;Composições soltas e fragmentos;Outros;;
Tradução;Impressos;Composições soltas e fragmentos;Outros;Paratextos gerais;
Tradução;Impressos;Composições soltas e fragmentos;Outros;Paratextos vida;
Tradução;Impressos;Composições soltas e fragmentos;Outros;Paratextos argumentos;
Tradução;Impressos;Composições soltas e fragmentos;Outros;Paratextos notas;
Tradução;Impressos;Estrofes rejeitadas;;;
Tradução;Impressos;Estrofes rejeitadas;Paratextos gerais;;
Tradução;Impressos;Estrofes rejeitadas;Paratextos vida;;
Tradução;Impressos;Estrofes rejeitadas;Paratextos argumentos;;
Tradução;Impressos;Estrofes rejeitadas;Paratextos notas;;
Tradução;Manuscritos;;;;
Tradução;Manuscritos;Obras individuais;;;
Tradução;Manuscritos;Obras individuais;Épica;;
Tradução;Manuscritos;Obras individuais;Épica;Paratextos gerais;
Tradução;Manuscritos;Obras individuais;Épica;Paratextos vida;
Tradução;Manuscritos;Obras individuais;Épica;Paratextos argumentos;
Tradução;Manuscritos;Obras individuais;Épica;Paratextos notas;
Tradução;Manuscritos;Obras individuais;Lírica;;
Tradução;Manuscritos;Obras individuais;Lírica;Paratextos gerais;
Tradução;Manuscritos;Obras individuais;Lírica;Paratextos vida;
Tradução;Manuscritos;Obras individuais;Lírica;Paratextos argumentos;
Tradução;Manuscritos;Obras individuais;Lírica;Paratextos notas;
Tradução;Manuscritos;Obras individuais;Teatro;;
Tradução;Manuscritos;Obras individuais;Teatro;Paratextos gerais;
Tradução;Manuscritos;Obras individuais;Teatro;Paratextos vida;
Tradução;Manuscritos;Obras individuais;Teatro;Paratextos argumentos;
Tradução;Manuscritos;Obras individuais;Teatro;Paratextos notas;
Tradução;Manuscritos;Obras individuais;Cartas;;
Tradução;Manuscritos;Obras individuais;Cartas;Paratextos gerais;
Tradução;Manuscritos;Obras individuais;Cartas;Paratextos vida;
Tradução;Manuscritos;Obras individuais;Cartas;Paratextos argumentos;
Tradução;Manuscritos;Obras individuais;Cartas;Paratextos notas;
Tradução;Manuscritos;Antologia;;;
Tradução;Manuscritos;Antologia;Épica;;
Tradução;Manuscritos;Antologia;Épica;Paratextos gerais;
Tradução;Manuscritos;Antologia;Épica;Paratextos vida;
Tradução;Manuscritos;Antologia;Épica;Paratextos argumentos;
Tradução;Manuscritos;Antologia;Épica;Paratextos notas;
Tradução;Manuscritos;Antologia;Lírica;;
Tradução;Manuscritos;Antologia;Lírica;Paratextos gerais;
Tradução;Manuscritos;Antologia;Lírica;Paratextos vida;
Tradução;Manuscritos;Antologia;Lírica;Paratextos argumentos;
Tradução;Manuscritos;Antologia;Lírica;Paratextos notas;
Tradução;Manuscritos;Antologia;Teatro;;
Tradução;Manuscritos;Antologia;Teatro;Paratextos gerais;
Tradução;Manuscritos;Antologia;Teatro;Paratextos vida;
Tradução;Manuscritos;Antologia;Teatro;Paratextos argumentos;
Tradução;Manuscritos;Antologia;Teatro;Paratextos notas;
Tradução;Manuscritos;Antologia;Cartas;;
Tradução;Manuscritos;Antologia;Cartas;Paratextos gerais;
Tradução;Manuscritos;Antologia;Cartas;Paratextos vida;
Tradução;Manuscritos;Antologia;Cartas;Paratextos argumentos;
Tradução;Manuscritos;Antologia;Cartas;Paratextos notas;
Tradução;Manuscritos;Antologia;Outros;;
Tradução;Manuscritos;Antologia;Outros;Paratextos gerais;
Tradução;Manuscritos;Antologia;Outros;Paratextos vida;
Tradução;Manuscritos;Antologia;Outros;Paratextos argumentos;
Tradução;Manuscritos;Antologia;Outros;Paratextos notas;
Tradução;Manuscritos;Fragmentos;;;
Tradução;Manuscritos;Fragmentos;Épica;;
Tradução;Manuscritos;Fragmentos;Épica;Paratextos gerais;
Tradução;Manuscritos;Fragmentos;Épica;Paratextos vida;
Tradução;Manuscritos;Fragmentos;Épica;Paratextos argumentos;
Tradução;Manuscritos;Fragmentos;Épica;Paratextos notas;
Tradução;Manuscritos;Fragmentos;Lírica;;
Tradução;Manuscritos;Fragmentos;Lírica;Paratextos gerais;
Tradução;Manuscritos;Fragmentos;Lírica;Paratextos vida;
Tradução;Manuscritos;Fragmentos;Lírica;Paratextos argumentos;
Tradução;Manuscritos;Fragmentos;Lírica;Paratextos notas;
Tradução;Manuscritos;Fragmentos;Teatro;;
Tradução;Manuscritos;Fragmentos;Teatro;Paratextos gerais;
Tradução;Manuscritos;Fragmentos;Teatro;Paratextos vida;
Tradução;Manuscritos;Fragmentos;Teatro;Paratextos argumentos;
Tradução;Manuscritos;Fragmentos;Teatro;Paratextos notas;
Tradução;Manuscritos;Fragmentos;Cartas;;
Tradução;Manuscritos;Fragmentos;Cartas;Paratextos gerais;
Tradução;Manuscritos;Fragmentos;Cartas;Paratextos vida;
Tradução;Manuscritos;Fragmentos;Cartas;Paratextos argumentos;
Tradução;Manuscritos;Fragmentos;Cartas;Paratextos notas;
Tradução;Manuscritos;Fragmentos;Outros;;
Tradução;Manuscritos;Fragmentos;Outros;Paratextos gerais;
Tradução;Manuscritos;Fragmentos;Outros;Paratextos vida;
Tradução;Manuscritos;Fragmentos;Outros;Paratextos argumentos;
Tradução;Manuscritos;Fragmentos;Outros;Paratextos notas;
Comentários;Impressos;;;;
Comentários;Impressos;Épica;;;
Comentários;Impressos;Lírica;;;
Comentários;Impressos;Lírica;Canção;;
Comentários;Impressos;Lírica;Cantiga;;
Comentários;Impressos;Lírica;Écloga;;
Comentários;Impressos;Lírica;Elegia;;
Comentários;Impressos;Lírica;Endechas;;
Comentários;Impressos;Lírica;Esparsas;;
Comentários;Impressos;Lírica;Mote;;
Comentários;Impressos;Lírica;Ode;;
Comentários;Impressos;Lírica;Oitavas;;
Comentários;Impressos;Lírica;Sextina;;
Comentários;Impressos;Lírica;Soneto;;
Comentários;Impressos;Lírica;Redondilhas;;
Comentários;Impressos;Lírica;Vilancete;
Comentários;Impressos;Teatro;;;
Comentários;Impressos;Teatro;Título das peças;;
Comentários;Impressos;Cartas;;;
Comentários;Impressos;Outros;;;
Comentários;Manuscritos;;;;
Comentários;Manuscritos;Épica;;;
Comentários;Manuscritos;Lírica;;;
Comentários;Manuscritos;Lírica;Canção;;
Comentários;Manuscritos;Lírica;Cantiga;;
Comentários;Manuscritos;Lírica;Écloga;;
Comentários;Manuscritos;Lírica;Elegia;;
Comentários;Manuscritos;Lírica;Endechas;;
Comentários;Manuscritos;Lírica;Esparsas;;
Comentários;Manuscritos;Lírica;Mote;;
Comentários;Manuscritos;Lírica;Ode;;
Comentários;Manuscritos;Lírica;Oitavas;;
Comentários;Manuscritos;Lírica;Sextina;;
Comentários;Manuscritos;Lírica;Soneto;;
Comentários;Manuscritos;Lírica;Redondilhas;;
Comentários;Manuscritos;Lírica;Vilancete;;
Comentários;Manuscritos;Cartas;;;
Comentários;Manuscritos;Outros;;;
Iconografia;Impressos;;;;
Iconografia;Impressos;Retrato de Camões;;;
Iconografia;Impressos;Imagens de Camões;;;
Iconografia;Impressos;Em torno de Camões;;;
Iconografia;Impressos;Alegorias;;;
Iconografia;Impressos;Ilustrações da obra;;;
Iconografia;Impressos;Ilustrações da obra;Canto I;;
Iconografia;Impressos;Ilustrações da obra;Canto II;;
Iconografia;Impressos;Ilustrações da obra;Canto III;;
Iconografia;Impressos;Ilustrações da obra;Canto IV;;
Iconografia;Impressos;Ilustrações da obra;Canto V;;
Iconografia;Impressos;Ilustrações da obra;Canto VI;;
Iconografia;Impressos;Ilustrações da obra;Canto VII;;
Iconografia;Impressos;Ilustrações da obra;Canto VIII;;
Iconografia;Impressos;Ilustrações da obra;Canto IX;;
Iconografia;Impressos;Ilustrações da obra;Canto X;;
Iconografia;Impressos;Mapas;;;
Iconografia;Impressos;Mapas;Rota de Gama;;
Iconografia;Impressos;Mapas;Mapas;;
Iconografia;Impressos;Figuras históricas;;;
Iconografia;Impressos;Lugares de memória;;;
Iconografia;Impressos;Portadas;;;
Iconografia;Impressos;Outros;;;
Iconografia;Manuscritos;;;;
Iconografia;Manuscritos;Retrato de Camões;;;
Iconografia;Manuscritos;Imagens de Camões;;;
Iconografia;Manuscritos;Em torno de Camões;;;
Iconografia;Manuscritos;Ilustrações;;;
Iconografia;Manuscritos;Mapas;;;
Iconografia;Manuscritos;Mapas;Rota de Gama;;
Iconografia;Manuscritos;Mapas;Mapas;;
Iconografia;Manuscritos;Figuras históricas;;;
Iconografia;Manuscritos;Portadas;;;
Iconografia;Manuscritos;Outros;;;
Música;Impressos;;;;
Música;Manuscritos;;;;
Recepção criativa;Paródia;;;;
Recepção criativa;Centão [Cintra];;;;
Recepção criativa;Tematização;;;;
Recepção;Citação;;;;
Bibliografia crítica;Edições;;;;
Bibliografia crítica;Obra;;;;
Bibliografia crítica;Tradução;;;;
Bibliografia crítica;Comentários;;;;
Bibliografia crítica;Iconografia;;;;
Bibliografia crítica;Música;;;;
Bibliografia crítica;Polémica e discussão;;;;
Bibliografia crítica;Estudo;;;;
Celebrações;1817;;;;
Celebrações;1817;Edições;;;
Celebrações;1817;Textos críticos;;;
Celebrações;1817;Vida;;;
Celebrações;1817;Periódicos;;;
Celebrações;1817;Recepção criativa;;;
Celebrações;1817;Recepção criativa;Paródia;;
Celebrações;1817;Recepção criativa;Tematização;;
Celebrações;1817;Recepção criativa;Centão;;
Celebrações;1817;Traduções;;;
Celebrações;1817;Iconografia;;;
Celebrações;1817;Música;;;
Celebrações;1817;Catálogos;;;
Celebrações;1817;Actos públicos;;;
Celebrações;1817;Discussão, programas e relatórios;;;
Celebrações;1817;Nótulas;;;
Celebrações;1860;;;;
Celebrações;1860;Edições;;;
Celebrações;1860;Textos críticos;;;
Celebrações;1860;Vida;;;
Celebrações;1860;Periódicos;;;
Celebrações;1860;Recepção criativa;;;
Celebrações;1860;Recepção criativa;Paródia;;
Celebrações;1860;Recepção criativa;Tematização;;
Celebrações;1860;Recepção criativa;Centão;;
Celebrações;1860;Traduções;;;
Celebrações;1860;Iconografia;;;
Celebrações;1860;Música;;;
Celebrações;1860;Catálogos;;;
Celebrações;1860;Actos públicos;;;
Celebrações;1860;Discussão, programas e relatórios;;;
Celebrações;1860;Nótulas;;;
Celebrações;1872;;;;
Celebrações;1872;Edições;;;
Celebrações;1872;Textos críticos;;;
Celebrações;1872;Vida;;;
Celebrações;1872;Periódicos;;;
Celebrações;1872;Recepção criativa;;;
Celebrações;1872;Recepção criativa;Paródia;;
Celebrações;1872;Recepção criativa;Tematização;;
Celebrações;1872;Recepção criativa;Centão;;
Celebrações;1872;Traduções;;;
Celebrações;1872;Iconografia;;;
Celebrações;1872;Música;;;
Celebrações;1872;Catálogos;;;
Celebrações;1872;Actos públicos;;;
Celebrações;1872;Discussão, programas e relatórios;;;
Celebrações;1872;Nótulas;;;
Celebrações;1880;;;;
Celebrações;1880;Edições;;;
Celebrações;1880;Textos críticos;;;
Celebrações;1880;Vida;;;
Celebrações;1880;Periódicos;;;
Celebrações;1880;Recepção criativa;;;
Celebrações;1880;Recepção criativa;Paródia;;
Celebrações;1880;Recepção criativa;Tematização;;
Celebrações;1880;Recepção criativa;Centão;;
Celebrações;1880;Traduções;;;
Celebrações;1880;Actos públicos;;;
Celebrações;1880;Iconografia;;;
Celebrações;1880;Música;;;
Celebrações;1880;Catálogos;;;
Celebrações;1880;Discussão, programas e relatórios;;;
Celebrações;1880;Nótulas;;;
Celebrações;1898;;;;
Celebrações;1898;Edições;;;
Celebrações;1898;Textos críticos;;;
Celebrações;1898;Vida;;;
Celebrações;1898;Periódicos;;;
Celebrações;1898;Recepção criativa;;;
Celebrações;1898;Recepção criativa;Paródia;;
Celebrações;1898;Recepção criativa;Tematização;;
Celebrações;1898;Recepção criativa;Centão;;
Celebrações;1898;Traduções;;;
Celebrações;1898;Actos públicos;;;
Celebrações;1898;Iconografia;;;
Celebrações;1898;Música;;;
Celebrações;1898;Catálogos;;;
Celebrações;1898;Discussão, programas e relatórios;;;
Celebrações;1898;Nótulas;;;
Celebrações;1924;;;;
Celebrações;1924;Edições;;;
Celebrações;1924;Textos críticos;;;
Celebrações;1924;Vida;;;
Celebrações;1924;Periódicos;;;
Celebrações;1924;Recepção criativa;;;
Celebrações;1924;Recepção criativa;Paródia;;
Celebrações;1924;Recepção criativa;Tematização;;
Celebrações;1924;Recepção criativa;Centão;;
Celebrações;1924;Textos ficcionais;;;
Celebrações;1924;Traduções;;;
Celebrações;1924;Actos públicos;;;
Celebrações;1924;Iconografia;;;
Celebrações;1924;Música;;;
Celebrações;1924;Catálogos;;;
Celebrações;1924;Discussão, programas e relatórios;;;;;;
Celebrações;1924;Nótulas;;;
Celebrações;1972;;;;
Celebrações;1972;Edições;;;
Celebrações;1972;Textos críticos;;;
Celebrações;1972;Vida;;;
Celebrações;1972;Periódicos;;;
Celebrações;1972;Recepção criativa;;;
Celebrações;1972;Recepção criativa;Paródia;;
Celebrações;1972;Recepção criativa;Tematização;;
Celebrações;1972;Recepção criativa;Centão;;
Celebrações;1972;Textos ficcionais;;;
Celebrações;1972;Traduções;;;
Celebrações;1972;Actos públicos;;;
Celebrações;1972;Iconografia;;;
Celebrações;1972;Música;;;
Celebrações;1972;Catálogos;;;
Celebrações;1972;Discussão, programas e relatórios;;;;;;
Celebrações;1972;Nótulas;;;
Celebrações;1980;;;;
Celebrações;1980;Edições;;;
Celebrações;1980;Textos críticos;;;
Celebrações;1980;Vida;;;
Celebrações;1980;Periódicos;;;
Celebrações;1980;Recepção criativa;;;
Celebrações;1980;Recepção criativa;Paródia;;
Celebrações;1980;Recepção criativa;Tematização;;
Celebrações;1980;Recepção criativa;Centão;;
Celebrações;1980;Textos ficcionais;;;
Celebrações;1980;Traduções;;;
Celebrações;1980;Actos públicos;;;
Celebrações;1980;Iconografia;;;
Celebrações;1980;Música;;;
Celebrações;1980;Catálogos;;;
Celebrações;1980;Discussão, programas e relatórios;;;
Celebrações;1980;Nótulas;;;
Bibliografias e catálogos;Bibliografia;;;;
Bibliografias e catálogos;Catálogo;;;;
Figuras Femininas;Autoras (produção escrita sobre Camões);;;;
Figuras Femininas;Leitoras (em torno de Camões);;;;
Imagens;;;;;