url,number
https://purl.pt/43428,272369
https://purl.pt/43747,274089
https://purl.pt/43747,274089
https://purl.pt/43747,274089
https://purl.pt/43747,274089
https://purl.pt/43747,274089
https://purl.pt/43747,274089
https://purl.pt/43747,274089
https://purl.pt/43747,274089
https://purl.pt/43747,274089
https://purl.pt/43747,274089
https://purl.pt/43747,274089
https://purl.pt/43747,274089
https://purl.pt/43747,274089
https://purl.pt/43747,274089
https://purl.pt/43747,274089
https://purl.pt/43747,274089
https://purl.pt/43747,274089
https://purl.pt/43747,274089
https://purl.pt/43747,274089
https://purl.pt/43747,274089
https://purl.pt/43747,274089
https://purl.pt/43747,274089
https://purl.pt/43747,274089
https://purl.pt/43233,271573
https://purl.pt/43233,271573
https://purl.pt/43233,271573
https://purl.pt/43233,271573
https://purl.pt/43233,271573
https://purl.pt/43233,271573
https://purl.pt/43233,271573
https://purl.pt/43233,271573
https://purl.pt/43233,271573
https://purl.pt/43233,271573
https://purl.pt/43233,271573
https://purl.pt/43233,271573
https://purl.pt/43233,271573
https://purl.pt/43233,271573
https://purl.pt/43233,271573
https://purl.pt/43233,271573
https://purl.pt/43233,271573
https://purl.pt/43233,271573
https://purl.pt/43233,271573
https://purl.pt/43233,271573
https://purl.pt/43233,271573
https://purl.pt/43233,271573
https://purl.pt/43233,271573
https://purl.pt/43233,271573
https://purl.pt/43233,271573
https://purl.pt/43233,271573
https://purl.pt/43233,271573
https://purl.pt/43745,274087
https://purl.pt/43724,281141
https://purl.pt/43659,273118
https://purl.pt/42920,270037
https://purl.pt/42835,270109
https://purl.pt/42835,270109
https://purl.pt/42835,270109
https://purl.pt/43815,273316
https://purl.pt/43227,271559
https://purl.pt/43816,274171
https://purl.pt/43819,274229
https://purl.pt/43823,274235
https://purl.pt/43823,274235
https://purl.pt/43823,274235
https://purl.pt/43818,1880
https://purl.pt/43873,273149
https://purl.pt/43873,273149
https://purl.pt/43873,273149
https://purl.pt/43866,274256
https://purl.pt/43871,273122
https://purl.pt/43661,273124
https://purl.pt/6115,36059
https://purl.pt/43874,273150
https://purl.pt/43874,273150
https://purl.pt/43426,272368
https://purl.pt/43426,272368
https://purl.pt/43741,274090
https://purl.pt/43741,274090
https://purl.pt/43811,274172
https://purl.pt/43931,273148
https://purl.pt/43825,274230
https://purl.pt/43875,1576
https://purl.pt/43662,273125
https://purl.pt/43662,273125
https://purl.pt/43862,3
https://purl.pt/43865,274260
https://purl.pt/43891,274280
https://purl.pt/43891,274280
https://purl.pt/43923,273560
https://purl.pt/43827,273347
https://purl.pt/43914,274348
https://purl.pt/43914,274348
https://purl.pt/43914,274348
https://purl.pt/43911,274346
https://purl.pt/43786,273798
https://purl.pt/43588,272882
https://purl.pt/43429,1880
https://purl.pt/11841,35644
https://purl.pt/43792,1880
https://purl.pt/43793,273923
https://purl.pt/42934,270331
https://purl.pt/42934,270331
https://purl.pt/42934,270331
https://purl.pt/42934,270331
https://purl.pt/42943,270345
https://purl.pt/42943,270345
https://purl.pt/42943,270345
https://purl.pt/42943,270345
https://purl.pt/43921,273525
https://purl.pt/43921,273525
https://purl.pt/43921,273525
https://purl.pt/43921,273525
https://purl.pt/43921,273525
https://purl.pt/42928,270116
https://purl.pt/42928,270116
https://purl.pt/42928,270116
https://purl.pt/42928,270116
https://purl.pt/42928,270116
https://purl.pt/42928,270116
https://purl.pt/42928,270116
https://purl.pt/43836,274117
https://purl.pt/43854,274153
https://purl.pt/43413,272371
https://purl.pt/43856,273182
https://purl.pt/43768,273318
https://purl.pt/43675,273319
https://purl.pt/43755,273102
https://purl.pt/42929,270341
https://purl.pt/42930,270336
https://purl.pt/43673,273314
https://purl.pt/43384,281908
https://purl.pt/1066,36540
https://purl.pt/27537,14040
https://purl.pt/43563,272734
https://purl.pt/1127,36741
https://purl.pt/12554,37180
https://purl.pt/12562,37208
https://purl.pt/5762,35147
https://purl.pt/5763,1880
https://purl.pt/5756,35133
https://purl.pt/5757,35127
https://purl.pt/5761,35137
https://purl.pt/4762,37203
https://purl.pt/4760,37132
https://purl.pt/5904,34623
https://purl.pt/6773,37092
https://purl.pt/6771,37325
https://purl.pt/1227,33427
https://purl.pt/6901,36374
https://purl.pt/6844,36554
https://purl.pt/12937,37663
https://purl.pt/12929,37195
https://purl.pt/12938,37674
https://purl.pt/43810,274166
https://purl.pt/43810,274166
https://purl.pt/42608,270042
https://purl.pt/42608,270042
https://purl.pt/43749,273943
https://purl.pt/43772,273427
https://purl.pt/43415,272372
https://purl.pt/43424,272381
https://purl.pt/43424,272381
https://purl.pt/43424,272381
https://purl.pt/43424,272381
https://purl.pt/43424,272381
https://purl.pt/43424,272381
https://purl.pt/43424,272381
https://purl.pt/43424,272381
https://purl.pt/43424,272381
https://purl.pt/43424,272381
https://purl.pt/43424,272381
https://purl.pt/43416,280474
https://purl.pt/43407,272359
https://purl.pt/43407,272359
https://purl.pt/43414,272367
https://purl.pt/43414,272367
https://purl.pt/43414,272367
https://purl.pt/43414,272367
https://purl.pt/43414,272367
https://purl.pt/43414,272367
https://purl.pt/43421,272379
https://purl.pt/42612,272383
https://purl.pt/42612,272383
https://purl.pt/43430,272376
https://purl.pt/43423,272380
https://purl.pt/43139,272389
https://purl.pt/43379,272392
https://purl.pt/43379,272392
https://purl.pt/42945,270350
https://purl.pt/42945,270350
https://purl.pt/43887,274038
https://purl.pt/43383,272399
https://purl.pt/43740,274084
https://purl.pt/43403,272355
https://purl.pt/43403,272355
https://purl.pt/42825,270138
https://purl.pt/42825,270138
https://purl.pt/42825,270138
https://purl.pt/42825,270138
https://purl.pt/42825,270138
https://purl.pt/42615,270047
https://purl.pt/43817,274169
https://purl.pt/42617,270089
https://purl.pt/42617,270089
https://purl.pt/43868,281023
https://purl.pt/43870,274252
https://purl.pt/43870,274252
https://purl.pt/43870,274252
https://purl.pt/43932,273233
https://purl.pt/42915,270086
https://purl.pt/42822,270087
https://purl.pt/42822,270087
https://purl.pt/42822,270087
https://purl.pt/42822,270087
https://purl.pt/42822,270087
https://purl.pt/42822,270087
https://purl.pt/42822,270087
https://purl.pt/43857,273350
https://purl.pt/43815,273316
https://purl.pt/43815,273316
https://purl.pt/43756,273346
https://purl.pt/43756,273346
https://purl.pt/43913,274342
https://purl.pt/43757,273439
https://purl.pt/43922,273527
https://purl.pt/43927,273731
https://purl.pt/43752,272628
https://purl.pt/42601,281130
https://purl.pt/43876,273183
https://purl.pt/43557,272728
https://purl.pt/43561,272733
https://purl.pt/12259,33718
https://purl.pt/12253,33721
https://purl.pt/27596,36775
https://purl.pt/43841,274123
https://purl.pt/43556,272738
https://purl.pt/43744,274092
https://purl.pt/43744,274092
https://purl.pt/43436,272390
https://purl.pt/42613,280467
https://purl.pt/42613,280467
https://purl.pt/42613,280467
https://purl.pt/6233,36160
https://purl.pt/43574,272788
https://purl.pt/31492,88185
https://purl.pt/43578,272785
https://purl.pt/13721,38463
https://purl.pt/13722,38591
https://purl.pt/13740,1843
https://purl.pt/13738,37955
https://purl.pt/13739,38270
https://purl.pt/15135,39315
https://purl.pt/43564,272735
https://purl.pt/43566,272737
https://purl.pt/43555,272727
https://purl.pt/43565,272736
https://purl.pt/32817,16732
https://purl.pt/32817,16732
https://purl.pt/42660,268841
https://purl.pt/25720,33216
https://purl.pt/43560,272731
https://purl.pt/43562,272732
https://purl.pt/43558,272729
https://purl.pt/42921,272786
https://purl.pt/42921,272786
https://purl.pt/42921,272786
https://purl.pt/42921,272786
https://purl.pt/42921,272786
https://purl.pt/42921,272786
https://purl.pt/42921,272786
https://purl.pt/42921,272786
https://purl.pt/42921,272786
https://purl.pt/42921,272786
https://purl.pt/42921,272786
https://purl.pt/42921,272786
https://purl.pt/42921,272786
https://purl.pt/42921,272786
https://purl.pt/42921,272786
https://purl.pt/42921,272786
https://purl.pt/42921,272786
https://purl.pt/42921,272786
https://purl.pt/42921,272786
https://purl.pt/42921,272786
https://purl.pt/42921,272786
https://purl.pt/42921,272786
https://purl.pt/42921,272786
https://purl.pt/42921,272786
https://purl.pt/42921,272786
https://purl.pt/42921,272786
https://purl.pt/42921,272786
https://purl.pt/42921,272786
https://purl.pt/42921,272786
https://purl.pt/42921,272786
https://purl.pt/42921,272786
https://purl.pt/42921,272786
https://purl.pt/42921,272786
https://purl.pt/42921,272786
https://purl.pt/42921,272786
https://purl.pt/42921,272786
https://purl.pt/42921,272786
https://purl.pt/42921,272786
https://purl.pt/43559,272730
https://purl.pt/38119,67153
https://purl.pt/43576,272792
https://purl.pt/43584,272811
https://purl.pt/43585,272812
https://purl.pt/43591,281142
https://purl.pt/43591,281142
https://purl.pt/44278,276786
https://purl.pt/43997,274457
https://purl.pt/43998,274458
https://purl.pt/43999,274459
https://purl.pt/43980,274957
https://purl.pt/44000,272626
https://purl.pt/44000,272626
https://purl.pt/44000,272626
https://purl.pt/44000,272626
https://purl.pt/44000,272626
https://purl.pt/44000,272626
https://purl.pt/44000,272626
https://purl.pt/44000,272626
https://purl.pt/44000,272626
https://purl.pt/44000,272626
https://purl.pt/44000,272626
https://purl.pt/44000,272626
https://purl.pt/44000,272626
https://purl.pt/44000,272626
https://purl.pt/44000,272626
https://purl.pt/44000,272626
https://purl.pt/44000,272626
https://purl.pt/44000,272626
https://purl.pt/44000,272626
https://purl.pt/44000,272626
https://purl.pt/44000,272626
https://purl.pt/44000,272626
https://purl.pt/44000,272626
https://purl.pt/44000,272626
https://purl.pt/44000,272626
https://purl.pt/44000,272626
https://purl.pt/44000,272626
https://purl.pt/44000,272626
https://purl.pt/44000,272626
https://purl.pt/44000,272626
https://purl.pt/44973,279168
https://purl.pt/44973,279168
https://purl.pt/44973,279168
https://purl.pt/44973,279168
https://purl.pt/44973,279168
https://purl.pt/44973,279168
https://purl.pt/44973,279168
https://purl.pt/44973,279168
https://purl.pt/44001,273511
https://purl.pt/44001,273511
https://purl.pt/44001,273511
https://purl.pt/44001,273511
https://purl.pt/44001,273511
https://purl.pt/43971,274951
https://purl.pt/44002,273524
https://purl.pt/44002,273524
https://purl.pt/44002,273524
https://purl.pt/44002,273524
https://purl.pt/44062,275168
https://purl.pt/44062,275168
https://purl.pt/44065,275163
https://purl.pt/44063,275167
https://purl.pt/44344,280465
https://purl.pt/44344,280465
https://purl.pt/44344,280465
https://purl.pt/44344,280465
https://purl.pt/44344,280465
https://purl.pt/44344,280465
https://purl.pt/44344,280465
https://purl.pt/44344,280465
https://purl.pt/44344,280465
https://purl.pt/44344,280465
https://purl.pt/44344,280465
https://purl.pt/44344,280465
https://purl.pt/44344,280465
https://purl.pt/44344,280465
https://purl.pt/44344,280465
https://purl.pt/44344,280465
https://purl.pt/44344,280465
https://purl.pt/44344,280465
https://purl.pt/44344,280465
https://purl.pt/44344,280465
https://purl.pt/44344,280465
https://purl.pt/44344,280465
https://purl.pt/44344,280465
https://purl.pt/44344,280465
https://purl.pt/44344,280465
https://purl.pt/44344,280465
https://purl.pt/44061,275169
https://purl.pt/44064,275164
https://purl.pt/44095,275364
https://purl.pt/45009,279243
https://purl.pt/44993,279232
https://purl.pt/44155,276120
https://purl.pt/45036,279340
https://purl.pt/44185,276130
https://purl.pt/44190,273100
https://purl.pt/44190,273100
https://purl.pt/44190,273100
https://purl.pt/44005,273782
https://purl.pt/44005,273782
https://purl.pt/44005,273782
https://purl.pt/44005,273782
https://purl.pt/44005,273782
https://purl.pt/44005,273782
https://purl.pt/44005,273782
https://purl.pt/44005,273782
https://purl.pt/44005,273782
https://purl.pt/44005,273782
https://purl.pt/44005,273782
https://purl.pt/44005,273782
https://purl.pt/44005,273782
https://purl.pt/44005,273782
https://purl.pt/44005,273782
https://purl.pt/44005,273782
https://purl.pt/44005,273782
https://purl.pt/44005,273782
https://purl.pt/44005,273782
https://purl.pt/44005,273782
https://purl.pt/44005,273782
https://purl.pt/44005,273782
https://purl.pt/44005,273782
https://purl.pt/44005,273782
https://purl.pt/44005,273782
https://purl.pt/44005,273782
https://purl.pt/44005,273782
https://purl.pt/44005,273782
https://purl.pt/44005,273782
https://purl.pt/43957,272627
https://purl.pt/43957,272627
https://purl.pt/43957,272627
https://purl.pt/43957,272627
https://purl.pt/43957,272627
https://purl.pt/43957,272627
https://purl.pt/43957,272627
https://purl.pt/43957,272627
https://purl.pt/43957,272627
https://purl.pt/43957,272627
https://purl.pt/43957,272627
https://purl.pt/43957,272627
https://purl.pt/43957,272627
https://purl.pt/43957,272627
https://purl.pt/43957,272627
https://purl.pt/43957,272627
https://purl.pt/43957,272627
https://purl.pt/43957,272627
https://purl.pt/44314,277151
https://purl.pt/44314,277151
https://purl.pt/44314,277151
https://purl.pt/44314,277151
https://purl.pt/44314,277151
https://purl.pt/44314,277151
https://purl.pt/44314,277151
https://purl.pt/44314,277151
https://purl.pt/44314,277151
https://purl.pt/44314,277151
https://purl.pt/44314,277151
https://purl.pt/44314,277151
https://purl.pt/44308,277145
https://purl.pt/44308,277145
https://purl.pt/44308,277145
https://purl.pt/44308,277145
https://purl.pt/44308,277145
https://purl.pt/44308,277145
https://purl.pt/44308,277145
https://purl.pt/44308,277145
https://purl.pt/44308,277145
https://purl.pt/44308,277145
https://purl.pt/44007,273814
https://purl.pt/44007,273814
https://purl.pt/44007,273814
https://purl.pt/44007,273814
https://purl.pt/44007,273814
https://purl.pt/44007,273814
https://purl.pt/44007,273814
https://purl.pt/44007,273814
https://purl.pt/44315,277150
https://purl.pt/44315,277150
https://purl.pt/44315,277150
https://purl.pt/44315,277150
https://purl.pt/44315,277150
https://purl.pt/44315,277150
https://purl.pt/44315,277150
https://purl.pt/44315,277150
https://purl.pt/44315,277150
https://purl.pt/44315,277150
https://purl.pt/44315,277150
https://purl.pt/44315,277150
https://purl.pt/44312,281138
https://purl.pt/45043,1892
https://purl.pt/44309,277143
https://purl.pt/44311,277149
https://purl.pt/44311,277149
https://purl.pt/44311,277149
https://purl.pt/44311,277149
https://purl.pt/43961,272672
https://purl.pt/43961,272672
https://purl.pt/43961,272672
https://purl.pt/43961,272672
https://purl.pt/43961,272672
https://purl.pt/44009,272668
https://purl.pt/44009,272668
https://purl.pt/44009,272668
https://purl.pt/44009,272668
https://purl.pt/44009,272668
https://purl.pt/44009,272668
https://purl.pt/44313,277147
https://purl.pt/44313,277147
https://purl.pt/44313,277147
https://purl.pt/44277,276783
https://purl.pt/44277,276783
https://purl.pt/44285,276790
https://purl.pt/44285,276790
https://purl.pt/44285,276790
https://purl.pt/44285,276790
https://purl.pt/44285,276790
https://purl.pt/44285,276790
https://purl.pt/44282,276785
https://purl.pt/44282,276785
https://purl.pt/44284,276792
https://purl.pt/45110,279509
https://purl.pt/45100,279502
https://purl.pt/45115,279513
https://purl.pt/45115,279513
https://purl.pt/45107,279512
https://purl.pt/44283,276787
https://purl.pt/43985,275409
https://purl.pt/44029,273746
https://purl.pt/44029,273746
https://purl.pt/44029,273746
https://purl.pt/44029,273746
https://purl.pt/44029,273746
https://purl.pt/44029,273746
https://purl.pt/44029,273746
https://purl.pt/44029,273746
https://purl.pt/44029,273746
https://purl.pt/43981,275415
https://purl.pt/43981,275415
https://purl.pt/44317,277335
https://purl.pt/44110,273811
https://purl.pt/43963,273796
https://purl.pt/43963,273796
https://purl.pt/43963,273796
https://purl.pt/44010,273101
https://purl.pt/44010,273101
https://purl.pt/44010,273101
https://purl.pt/44010,273101
https://purl.pt/44010,273101
https://purl.pt/44331,277366
https://purl.pt/44331,277366
https://purl.pt/44332,277369
https://purl.pt/44333,277364
https://purl.pt/44333,277364
https://purl.pt/44365,277455
https://purl.pt/44365,277455
https://purl.pt/44012,273117
https://purl.pt/44012,273117
https://purl.pt/44012,273117
https://purl.pt/44012,273117
https://purl.pt/44012,273117
https://purl.pt/44012,273117
https://purl.pt/44012,273117
https://purl.pt/44012,273117
https://purl.pt/44012,273117
https://purl.pt/44012,273117
https://purl.pt/44012,273117
https://purl.pt/44138,273120
https://purl.pt/44138,273120
https://purl.pt/44350,277449
https://purl.pt/44350,277449
https://purl.pt/44354,277452
https://purl.pt/44354,277452
https://purl.pt/44354,277452
https://purl.pt/44354,277452
https://purl.pt/44354,277452
https://purl.pt/44354,277452
https://purl.pt/44354,277452
https://purl.pt/44354,277452
https://purl.pt/44354,277452
https://purl.pt/44379,277482
https://purl.pt/44369,277488
https://purl.pt/44013,272638
https://purl.pt/44013,272638
https://purl.pt/44013,272638
https://purl.pt/44217,273872
https://purl.pt/44401,277739
https://purl.pt/44401,277739
https://purl.pt/44033,273879
https://purl.pt/44111,273869
https://purl.pt/44111,273869
https://purl.pt/44111,273869
https://purl.pt/44111,273869
https://purl.pt/44111,273869
https://purl.pt/44111,273869
https://purl.pt/44111,273869
https://purl.pt/44111,273869
https://purl.pt/44111,273869
https://purl.pt/44111,273869
https://purl.pt/44111,273869
https://purl.pt/44395,277738
https://purl.pt/44114,273912
https://purl.pt/44114,273912
https://purl.pt/43958,272639
https://purl.pt/43958,272639
https://purl.pt/43958,272639
https://purl.pt/43958,272639
https://purl.pt/43958,272639
https://purl.pt/44449,277836
https://purl.pt/44451,277820
https://purl.pt/44459,277966
https://purl.pt/44459,277966
https://purl.pt/44490,278039
https://purl.pt/44489,278038
https://purl.pt/44489,278038
https://purl.pt/44488,278031
https://purl.pt/44475,278032
https://purl.pt/44521,278097
https://purl.pt/44521,278097
https://purl.pt/44521,278097
https://purl.pt/44521,278097
https://purl.pt/44521,278097
https://purl.pt/44525,278099
https://purl.pt/44558,1897
https://purl.pt/44558,1897
https://purl.pt/44558,1897
https://purl.pt/44558,1897
https://purl.pt/44551,278157
https://purl.pt/44551,278157
https://purl.pt/44551,278157
https://purl.pt/44551,278157
https://purl.pt/44551,278157
https://purl.pt/44551,278157
https://purl.pt/44551,278157
https://purl.pt/44551,278157
https://purl.pt/44551,278157
https://purl.pt/44551,278157
https://purl.pt/44551,278157
https://purl.pt/44551,278157
https://purl.pt/44551,278157
https://purl.pt/44551,278157
https://purl.pt/44551,278157
https://purl.pt/44551,278157
https://purl.pt/44551,278157
https://purl.pt/44551,278157
https://purl.pt/44551,278157
https://purl.pt/44551,278157
https://purl.pt/44551,278157
https://purl.pt/44551,278157
https://purl.pt/44551,278157
https://purl.pt/44551,278157
https://purl.pt/44551,278157
https://purl.pt/44551,278157
https://purl.pt/44551,278157
https://purl.pt/44551,278157
https://purl.pt/44551,278157
https://purl.pt/44562,278166
https://purl.pt/44562,278166
https://purl.pt/44585,278323
https://purl.pt/44594,278325
https://purl.pt/44588,278334
https://purl.pt/44164,273607
https://purl.pt/44192,273178
https://purl.pt/44192,273178
https://purl.pt/44192,273178
https://purl.pt/44192,273178
https://purl.pt/44192,273178
https://purl.pt/44192,273178
https://purl.pt/44139,273317
https://purl.pt/44140,1
https://purl.pt/44140,1
https://purl.pt/44140,1
https://purl.pt/44140,1
https://purl.pt/44140,1
https://purl.pt/44140,1
https://purl.pt/44140,1
https://purl.pt/44140,1
https://purl.pt/44140,1
https://purl.pt/44140,1
https://purl.pt/44140,1
https://purl.pt/44140,1
https://purl.pt/44140,1
https://purl.pt/44140,1
https://purl.pt/44140,1
https://purl.pt/44016,273944
https://purl.pt/44016,273944
https://purl.pt/44016,273944
https://purl.pt/44016,273944
https://purl.pt/44016,273944
https://purl.pt/44016,273944
https://purl.pt/44016,273944
https://purl.pt/44016,273944
https://purl.pt/44016,273944
https://purl.pt/44016,273944
https://purl.pt/44016,273944
https://purl.pt/44016,273944
https://purl.pt/44016,273944
https://purl.pt/44016,273944
https://purl.pt/44016,273944
https://purl.pt/44016,273944
https://purl.pt/44016,273944
https://purl.pt/44016,273944
https://purl.pt/44016,273944
https://purl.pt/44016,273944
https://purl.pt/23629,14663
https://purl.pt/39844,255848
https://purl.pt/39844,255848
https://purl.pt/39844,255848
https://purl.pt/39844,255848
https://purl.pt/39844,255848
https://purl.pt/39844,255848
https://purl.pt/39844,255848
https://purl.pt/39844,255848
https://purl.pt/39844,255848
https://purl.pt/39844,255848
https://purl.pt/39844,255848
https://purl.pt/39844,255848
https://purl.pt/39844,255848
https://purl.pt/39844,255848
https://purl.pt/39844,255848
https://purl.pt/39844,255848
https://purl.pt/39844,255848
https://purl.pt/39844,255848
https://purl.pt/39844,255848
https://purl.pt/39844,255848
https://purl.pt/39844,255848
https://purl.pt/39844,255848
https://purl.pt/44015,274463
https://purl.pt/44015,274463
https://purl.pt/37882,14629
https://purl.pt/37882,14629
https://purl.pt/37882,14629
https://purl.pt/37882,14629
https://purl.pt/37882,14629
https://purl.pt/37882,14629
https://purl.pt/37882,14629
https://purl.pt/37882,14629
https://purl.pt/37882,14629
https://purl.pt/37882,14629
https://purl.pt/23636,14639
https://purl.pt/23636,14639
https://purl.pt/23636,14639
https://purl.pt/23636,14639
https://purl.pt/23636,14639
https://purl.pt/23636,14639
https://purl.pt/23636,14639
https://purl.pt/23636,14639
https://purl.pt/23636,14639
https://purl.pt/23636,14639
https://purl.pt/23636,14639
https://purl.pt/23649,14621
https://purl.pt/23649,14621
https://purl.pt/23649,14621
https://purl.pt/23649,14621
https://purl.pt/23649,14621
https://purl.pt/23649,14621
https://purl.pt/23649,14621
https://purl.pt/23649,14621
https://purl.pt/23649,14621
https://purl.pt/23649,14621
https://purl.pt/23649,14621
https://purl.pt/19852,14573
https://purl.pt/14997,14605
https://purl.pt/1,14632
https://purl.pt/17473,14680
https://purl.pt/17473,14680
https://purl.pt/14689,14556
https://purl.pt/14773,14578
https://purl.pt/14880,14576
https://purl.pt/14111,14592
https://purl.pt/14111,14592
https://purl.pt/14111,14592
https://purl.pt/37844,14566
https://purl.pt/37844,14566
https://purl.pt/44017,274466
https://purl.pt/44017,274466
https://purl.pt/44632,278408
https://purl.pt/23676,14624
https://purl.pt/23676,14624
https://purl.pt/23676,14624
https://purl.pt/23676,14624
https://purl.pt/23676,14624
https://purl.pt/23676,14624
https://purl.pt/23676,14624
https://purl.pt/23676,14624
https://purl.pt/23676,14624
https://purl.pt/23676,14624
https://purl.pt/23676,14624
https://purl.pt/23676,14624
https://purl.pt/23676,14624
https://purl.pt/23676,14624
https://purl.pt/23676,14624
https://purl.pt/23676,14624
https://purl.pt/23676,14624
https://purl.pt/23676,14624
https://purl.pt/23676,14624
https://purl.pt/23676,14624
https://purl.pt/23676,14624
https://purl.pt/23676,14624
https://purl.pt/23676,14624
https://purl.pt/23676,14624
https://purl.pt/23676,14624
https://purl.pt/23676,14624
https://purl.pt/23676,14624
https://purl.pt/23676,14624
https://purl.pt/23676,14624
https://purl.pt/23676,14624
https://purl.pt/37883,14587
https://purl.pt/37883,14587
https://purl.pt/37883,14587
https://purl.pt/37883,14587
https://purl.pt/37883,14587
https://purl.pt/37883,14587
https://purl.pt/37883,14587
https://purl.pt/37883,14587
https://purl.pt/37883,14587
https://purl.pt/37883,14587
https://purl.pt/37883,14587
https://purl.pt/37883,14587
https://purl.pt/37883,14587
https://purl.pt/37883,14587
https://purl.pt/37883,14587
https://purl.pt/37883,14587
https://purl.pt/37883,14587
https://purl.pt/37883,14587
https://purl.pt/37883,14587
https://purl.pt/37883,14587
https://purl.pt/37883,14587
https://purl.pt/37883,14587
https://purl.pt/14655,14650
https://purl.pt/14655,14650
https://purl.pt/14655,14650
https://purl.pt/19853,14604
https://purl.pt/19853,14604
https://purl.pt/44665,278482
https://purl.pt/39041,14622
https://purl.pt/39041,14622
https://purl.pt/39041,14622
https://purl.pt/39041,14622
https://purl.pt/25641,86723
https://purl.pt/25641,86723
https://purl.pt/44696,278583
https://purl.pt/43948,274032
https://purl.pt/43948,274032
https://purl.pt/43948,274032
https://purl.pt/43948,274032
https://purl.pt/43948,274032
https://purl.pt/43948,274032
https://purl.pt/16331,6839
https://purl.pt/16331,6839
https://purl.pt/16331,6839
https://purl.pt/16331,6839
https://purl.pt/16331,6839
https://purl.pt/16331,6839
https://purl.pt/16331,6839
https://purl.pt/16331,6839
https://purl.pt/6946,36391
https://purl.pt/14100,14630
https://purl.pt/44728,278664
https://purl.pt/44737,278660
https://purl.pt/44738,278669
https://purl.pt/44788,278783
https://purl.pt/44793,278786
https://purl.pt/44792,278784
https://purl.pt/44804,278793
https://purl.pt/44796,278782
https://purl.pt/44796,278782
https://purl.pt/43959,272640
https://purl.pt/43959,272640
https://purl.pt/43959,272640
https://purl.pt/43959,272640
https://purl.pt/43959,272640
https://purl.pt/43959,272640
https://purl.pt/43959,272640
https://purl.pt/43959,272640
https://purl.pt/43959,272640
https://purl.pt/43959,272640
https://purl.pt/43959,272640
https://purl.pt/43959,272640
https://purl.pt/43959,272640
https://purl.pt/43959,272640
https://purl.pt/43959,272640
https://purl.pt/43959,272640
https://purl.pt/43959,272640
https://purl.pt/43959,272640
https://purl.pt/43959,272640
https://purl.pt/43959,272640
https://purl.pt/43959,272640
https://purl.pt/43959,272640
https://purl.pt/43959,272640
https://purl.pt/43959,272640
https://purl.pt/43959,272640
https://purl.pt/43959,272640
https://purl.pt/43959,272640
https://purl.pt/43959,272640
https://purl.pt/43959,272640
https://purl.pt/43959,272640
https://purl.pt/43959,272640
https://purl.pt/43959,272640
https://purl.pt/43959,272640
https://purl.pt/43959,272640
https://purl.pt/43959,272640
https://purl.pt/43959,272640
https://purl.pt/43959,272640
https://purl.pt/44818,279630
https://purl.pt/44818,279630
https://purl.pt/44832,279634
https://purl.pt/44832,279634
https://purl.pt/44938,279104
https://purl.pt/44938,279104
https://purl.pt/7452,20471
https://purl.pt/8384,17516
https://purl.pt/14465,14594
https://purl.pt/14465,14594
https://purl.pt/14465,14594
https://purl.pt/14465,14594
https://purl.pt/14465,14594
https://purl.pt/14465,14594
https://purl.pt/14465,14594
https://purl.pt/14465,14594
https://purl.pt/14465,14594
https://purl.pt/14465,14594
https://purl.pt/14465,14594
https://purl.pt/14465,14594
https://purl.pt/14465,14594
https://purl.pt/14465,14594
https://purl.pt/14465,14594
https://purl.pt/14465,14594
https://purl.pt/14465,14594
https://purl.pt/14465,14594
https://purl.pt/14465,14594
https://purl.pt/14465,14594
https://purl.pt/14465,14594
https://purl.pt/14465,14594
https://purl.pt/14465,14594
https://purl.pt/14465,14594
https://purl.pt/14465,14594
https://purl.pt/14465,14594
https://purl.pt/14465,14594
https://purl.pt/27836,89062
https://purl.pt/43582,272813
https://purl.pt/44933,279095
https://purl.pt/44628,278400
https://purl.pt/44628,278400
https://purl.pt/44628,278400
https://purl.pt/44628,278400
https://purl.pt/44628,278400
https://purl.pt/44628,278400
https://purl.pt/44736,278662
https://purl.pt/44736,278662
https://purl.pt/44671,278491
https://purl.pt/44739,278670
https://purl.pt/44834,279637
https://purl.pt/44834,279637
https://purl.pt/44834,279637
https://purl.pt/44834,279637
https://purl.pt/44583,1880
https://purl.pt/44713,278595
https://purl.pt/44712,278597
https://purl.pt/44726,278668
https://purl.pt/44727,278663
https://purl.pt/44799,278795
https://purl.pt/44799,278795
https://purl.pt/44799,278795
https://purl.pt/44799,278795
https://purl.pt/44799,278795
https://purl.pt/44799,278795
https://purl.pt/44799,278795
https://purl.pt/44799,278795
https://purl.pt/44799,278795
https://purl.pt/44799,278795
https://purl.pt/44799,278795
https://purl.pt/44799,278795
https://purl.pt/44828,279624
https://purl.pt/44828,279624
https://purl.pt/44930,279100
https://purl.pt/44930,279100
https://purl.pt/44675,278495
https://purl.pt/44675,278495
https://purl.pt/23629,14663
https://purl.pt/40198,256552
https://purl.pt/40198,256552
https://purl.pt/40198,256552
https://purl.pt/40198,256552
https://purl.pt/40198,256552
https://purl.pt/40198,256552
https://purl.pt/40198,256552
https://purl.pt/40198,256552
https://purl.pt/40198,256552
https://purl.pt/40198,256552
https://purl.pt/40198,256552
https://purl.pt/23692,14657
https://purl.pt/20913,3
https://purl.pt/20913,3
https://purl.pt/20913,3
https://purl.pt/14682,85826
https://purl.pt/37926,14597
https://purl.pt/39791,255741
https://purl.pt/39791,255741
https://purl.pt/39791,255741
https://purl.pt/39791,255741
https://purl.pt/14104,14651
https://purl.pt/14104,14651
https://purl.pt/14197,14666
https://purl.pt/17237,86824
https://purl.pt/17237,86824
https://purl.pt/17237,86824
https://purl.pt/17237,86824
https://purl.pt/19851,14628
https://purl.pt/19851,14628
https://purl.pt/19851,14628
https://purl.pt/19851,14628
https://purl.pt/19851,14628
https://purl.pt/19851,14628
https://purl.pt/19851,14628
https://purl.pt/19851,14628
https://purl.pt/19851,14628
https://purl.pt/19851,14628
https://purl.pt/19851,14628
https://purl.pt/19851,14628
https://purl.pt/19851,14628
https://purl.pt/19851,14628
https://purl.pt/19851,14628
https://purl.pt/19851,14628
https://purl.pt/19851,14628
https://purl.pt/19851,14628
https://purl.pt/19851,14628
https://purl.pt/19851,14628
https://purl.pt/19851,14628
https://purl.pt/19851,14628
https://purl.pt/19851,14628
https://purl.pt/19851,14628
https://purl.pt/19851,14628
https://purl.pt/19851,14628
https://purl.pt/19851,14628
https://purl.pt/19851,14628
https://purl.pt/19851,14628
https://purl.pt/19851,14628
https://purl.pt/19851,14628
https://purl.pt/19851,14628
https://purl.pt/19851,14628
https://purl.pt/19851,14628
https://purl.pt/19851,14628
https://purl.pt/19851,14628
https://purl.pt/19851,14628
https://purl.pt/19851,14628
https://purl.pt/19851,14628
https://purl.pt/19851,14628
https://purl.pt/19851,14628
https://purl.pt/19851,14628
https://purl.pt/19851,14628
https://purl.pt/19851,14628
https://purl.pt/19851,14628
https://purl.pt/19851,14628
https://purl.pt/19851,14628
https://purl.pt/19851,14628
https://purl.pt/19851,14628
https://purl.pt/19851,14628
https://purl.pt/19851,14628
https://purl.pt/37881,14598
https://purl.pt/37881,14598
https://purl.pt/37881,14598
https://purl.pt/37881,14598
https://purl.pt/37881,14598
https://purl.pt/37881,14598
https://purl.pt/37881,14598
https://purl.pt/37881,14598
https://purl.pt/37881,14598
https://purl.pt/37881,14598
https://purl.pt/37881,14598
https://purl.pt/37881,14598
https://purl.pt/37776,14581
https://purl.pt/37776,14581
https://purl.pt/37776,14581
https://purl.pt/37776,14581
https://purl.pt/37776,14581
https://purl.pt/37776,14581
https://purl.pt/37776,14581
https://purl.pt/37776,14581
https://purl.pt/37776,14581
https://purl.pt/37776,14581
https://purl.pt/37776,14581
https://purl.pt/15053,86181
https://purl.pt/15053,86181
https://purl.pt/15053,86181
https://purl.pt/25652,14678
https://purl.pt/26367,86483
https://purl.pt/5416,35163
https://purl.pt/21930,14644
https://purl.pt/21930,14644
https://purl.pt/15027,14613
https://purl.pt/15027,14613
https://purl.pt/15027,14613
https://purl.pt/15027,14613
https://purl.pt/26342,7634
https://purl.pt/26342,7634
https://purl.pt/44208,1880
https://purl.pt/44208,1880
https://purl.pt/44208,1880
https://purl.pt/43905,275033
https://purl.pt/43900,275038
https://purl.pt/44169,273677
https://purl.pt/44206,1880
https://purl.pt/44170,273687
https://purl.pt/43942,273688
https://purl.pt/44323,277330
https://purl.pt/44323,277330
https://purl.pt/44323,277330
https://purl.pt/44323,277330
https://purl.pt/44323,277330
https://purl.pt/44323,277330
https://purl.pt/44319,277332
https://purl.pt/44445,277834
